,city,train_len,train_RMSE,test_RMSE,class
0,Opfikon_Balsberg,3.0,5.7627202215177515,20.784785920963607,high traffic
0,StGallen_Blumenbergplatz,3.0,7.188792358954653,20.545086678884278,low traffic
0,StGallen_Stuelegg,3.0,3.757387206683183,11.137156727008993,no traffic
0,Zuerich_Schimmelstrasse,3.0,6.164169040649669,32.42490367429605,low traffic
0,Zuerich_Stampfenbachstrasse,3.0,5.900674536294226,24.882303659889814,low traffic
0,Opfikon_Balsberg,6.0,5.06740623221652,11.63417760954986,high traffic
0,StGallen_Blumenbergplatz,6.0,6.017072827596691,22.002680461342255,low traffic
0,StGallen_Stuelegg,6.0,2.211927720416846,11.887570272106759,no traffic
0,Zuerich_Schimmelstrasse,6.0,6.257025313745697,27.56057006510942,low traffic
0,Zuerich_Stampfenbachstrasse,6.0,6.218965431416421,25.07011019798688,low traffic
0,Opfikon_Balsberg,9.0,5.337119796243099,12.061059658020934,high traffic
0,StGallen_Blumenbergplatz,9.0,5.954312206948417,22.252339069851466,low traffic
0,StGallen_Stuelegg,9.0,2.165911523185443,13.057700282533624,no traffic
0,Zuerich_Schimmelstrasse,9.0,6.323285126554555,23.356202533210933,low traffic
0,Zuerich_Stampfenbachstrasse,9.0,6.197345923268521,27.357012998575374,low traffic
0,Opfikon_Balsberg,12.0,6.251147849708066,12.10905946276174,high traffic
0,StGallen_Blumenbergplatz,12.0,6.380414628935408,16.731866467322476,low traffic
0,StGallen_Stuelegg,12.0,2.6476013247962733,7.849749219123182,no traffic
0,Zuerich_Schimmelstrasse,12.0,6.632408246174446,7.865229386822102,low traffic
0,Zuerich_Stampfenbachstrasse,12.0,6.454026077842207,8.441805387496574,low traffic
0,Opfikon_Balsberg,18.0,6.226696596988928,12.437104856111672,high traffic
0,StGallen_Blumenbergplatz,18.0,6.5955926443135775,16.28077237836172,low traffic
0,StGallen_Stuelegg,18.0,2.603508766758568,7.0805921127791995,no traffic
0,Zuerich_Schimmelstrasse,18.0,6.891592389431952,7.797331191230303,low traffic
0,Zuerich_Stampfenbachstrasse,18.0,6.776917508761521,9.73750972514,low traffic
0,Opfikon_Balsberg,24.0,7.172087160291215,12.860970415068838,high traffic
0,StGallen_Blumenbergplatz,24.0,7.429491706288209,21.40787209473256,low traffic
0,StGallen_Stuelegg,24.0,2.9262621903786306,9.578453045360892,no traffic
0,Zuerich_Schimmelstrasse,24.0,7.599873937689973,11.291602256442637,low traffic
0,Zuerich_Stampfenbachstrasse,24.0,7.429873579190648,11.340061234532865,low traffic
0,Opfikon_Balsberg,3.0,8.18142974641618,14.721701564135369,high traffic
0,StGallen_Blumenbergplatz,3.0,8.941628857199344,23.18749685722257,low traffic
0,StGallen_Stuelegg,3.0,4.765702744979711,6.485765761462948,no traffic
0,Zuerich_Schimmelstrasse,3.0,7.127745939423728,12.382858340943137,low traffic
0,Zuerich_Stampfenbachstrasse,3.0,6.411483312877849,14.384522132175041,low traffic
0,Opfikon_Balsberg,6.0,5.920297554181325,13.119651876403742,high traffic
0,StGallen_Blumenbergplatz,6.0,7.155858264983606,22.091897611428923,low traffic
0,StGallen_Stuelegg,6.0,2.4384009892471328,8.518540374705488,no traffic
0,Zuerich_Schimmelstrasse,6.0,6.422041919092073,17.01885943872276,low traffic
0,Zuerich_Stampfenbachstrasse,6.0,6.503404585439629,10.794352791231587,low traffic
0,Opfikon_Balsberg,9.0,5.832789671232509,13.956660224189791,high traffic
0,StGallen_Blumenbergplatz,9.0,6.698458514613734,22.303523572404558,low traffic
0,StGallen_Stuelegg,9.0,2.2621804709401383,8.29404389972937,no traffic
0,Zuerich_Schimmelstrasse,9.0,6.402054792260896,23.214098977714656,low traffic
0,Zuerich_Stampfenbachstrasse,9.0,6.436573583983966,17.260201440130658,low traffic
0,Opfikon_Balsberg,12.0,6.415141178295074,12.104763107927308,high traffic
0,StGallen_Blumenbergplatz,12.0,6.840063614594743,22.097676666719387,low traffic
0,StGallen_Stuelegg,12.0,2.768052302964635,7.274740919540593,no traffic
0,Zuerich_Schimmelstrasse,12.0,6.727972411842444,10.16878391859611,low traffic
0,Zuerich_Stampfenbachstrasse,12.0,6.624426134999563,7.15997751856073,low traffic
0,Opfikon_Balsberg,18.0,6.569127191694561,12.103195273656118,high traffic
0,StGallen_Blumenbergplatz,18.0,6.909735286515552,20.486549074905124,low traffic
0,StGallen_Stuelegg,18.0,2.769467590192906,6.998540028407782,no traffic
0,Zuerich_Schimmelstrasse,18.0,6.891022642439163,8.45798603356668,low traffic
0,Zuerich_Stampfenbachstrasse,18.0,7.028690307183354,8.19004926822403,low traffic
0,Opfikon_Balsberg,24.0,6.815153877199395,11.169931554838984,high traffic
0,StGallen_Blumenbergplatz,24.0,7.212448682158733,19.94158748155349,low traffic
0,StGallen_Stuelegg,24.0,2.8107992762355933,6.321936597004367,no traffic
0,Zuerich_Schimmelstrasse,24.0,7.075387711061029,6.131987191658897,low traffic
0,Zuerich_Stampfenbachstrasse,24.0,6.9283785009378525,7.159842754889084,low traffic
0,Opfikon_Balsberg,3.0,9.637202521240047,10.860324361038044,high traffic
0,StGallen_Blumenbergplatz,3.0,10.552436731956824,8.915238128983908,low traffic
0,StGallen_Stuelegg,3.0,4.773304351288062,2.7226313611333026,no traffic
0,Zuerich_Schimmelstrasse,3.0,7.267972422597914,25.610458570207445,low traffic
0,Zuerich_Stampfenbachstrasse,3.0,6.764594757773596,12.64456284923703,low traffic
0,Opfikon_Balsberg,6.0,6.841674310786796,8.191920197671655,high traffic
0,StGallen_Blumenbergplatz,6.0,8.951456127549775,8.47959838823941,low traffic
0,StGallen_Stuelegg,6.0,2.946505815973258,2.352190669037783,no traffic
0,Zuerich_Schimmelstrasse,6.0,6.726459237343659,16.751819456539405,low traffic
0,Zuerich_Stampfenbachstrasse,6.0,6.703835696964695,7.869474548510158,low traffic
0,Opfikon_Balsberg,9.0,6.4798464067737305,8.949128238243127,high traffic
0,StGallen_Blumenbergplatz,9.0,8.322815510003942,7.466395146816052,low traffic
0,StGallen_Stuelegg,9.0,2.54235522722387,2.673829306332854,no traffic
0,Zuerich_Schimmelstrasse,9.0,6.493309687863143,15.854567037969064,low traffic
0,Zuerich_Stampfenbachstrasse,9.0,6.368627365678108,7.120401581487994,low traffic
0,Opfikon_Balsberg,12.0,6.867588661084536,8.395726521683127,high traffic
0,StGallen_Blumenbergplatz,12.0,8.19949945500199,8.02953505479238,low traffic
0,StGallen_Stuelegg,12.0,2.7576339340978486,2.9163330756424446,no traffic
0,Zuerich_Schimmelstrasse,12.0,6.851971388965482,8.427544632912282,low traffic
0,Zuerich_Stampfenbachstrasse,12.0,6.5780218354466875,6.9337620819692365,low traffic
0,Opfikon_Balsberg,18.0,6.891074630400857,8.49448085855103,high traffic
0,StGallen_Blumenbergplatz,18.0,7.812648954678637,8.184051575340707,low traffic
0,StGallen_Stuelegg,18.0,3.0294817809770085,2.557104726455204,no traffic
0,Zuerich_Schimmelstrasse,18.0,6.864046863507403,9.080447741389854,low traffic
0,Zuerich_Stampfenbachstrasse,18.0,7.068383304582915,8.448316702309837,low traffic
0,Opfikon_Balsberg,24.0,6.852958884404369,8.249158542281878,high traffic
0,StGallen_Blumenbergplatz,24.0,7.733400385980112,7.454373079901711,low traffic
0,StGallen_Stuelegg,24.0,2.9263312911181107,2.493165860426689,no traffic
0,Zuerich_Schimmelstrasse,24.0,7.020786096537289,8.76726785684791,low traffic
0,Zuerich_Stampfenbachstrasse,24.0,6.908341947519301,6.799590956277205,low traffic
0,Opfikon_Balsberg,3.0,8.218671353320012,10.281324003212296,high traffic
0,StGallen_Blumenbergplatz,3.0,9.376540469548388,17.756899616362933,low traffic
0,StGallen_Stuelegg,3.0,4.063667943455238,4.702169523494005,no traffic
0,Zuerich_Schimmelstrasse,3.0,5.24855323732631,14.673043345116202,low traffic
0,Zuerich_Stampfenbachstrasse,3.0,5.4884336518370676,13.38660783875472,low traffic
0,Opfikon_Balsberg,6.0,6.91910101341797,12.436366748818042,high traffic
0,StGallen_Blumenbergplatz,6.0,8.66423668235049,7.952790534254552,low traffic
0,StGallen_Stuelegg,6.0,2.944844247454215,3.0968126151306485,no traffic
0,Zuerich_Schimmelstrasse,6.0,6.637332932677534,14.491358646676723,low traffic
0,Zuerich_Stampfenbachstrasse,6.0,6.788441959531678,12.027282692696641,low traffic
0,Opfikon_Balsberg,9.0,6.53361442613289,8.591428539020075,high traffic
0,StGallen_Blumenbergplatz,9.0,8.437271799257546,8.011950254338599,low traffic
0,StGallen_Stuelegg,9.0,2.6515839852871177,2.9237059213540784,no traffic
0,Zuerich_Schimmelstrasse,9.0,6.599932433290646,12.935953277918195,low traffic
0,Zuerich_Stampfenbachstrasse,9.0,6.500178271066704,8.826038662361427,low traffic
0,Opfikon_Balsberg,12.0,6.5356174812731345,7.771985207233759,high traffic
0,StGallen_Blumenbergplatz,12.0,8.072696054901524,7.975350513637728,low traffic
0,StGallen_Stuelegg,12.0,2.6224984207482396,3.0774023222337585,no traffic
0,Zuerich_Schimmelstrasse,12.0,6.605635904856608,7.8728335711524275,low traffic
0,Zuerich_Stampfenbachstrasse,12.0,6.381218454367467,8.851633747451839,low traffic
0,Opfikon_Balsberg,18.0,7.040169543188878,7.83465869414691,high traffic
0,StGallen_Blumenbergplatz,18.0,7.916272515698572,7.86471540494042,low traffic
0,StGallen_Stuelegg,18.0,3.0712548893009073,3.02516398453026,no traffic
0,Zuerich_Schimmelstrasse,18.0,6.984578369565478,7.70373677520014,low traffic
0,Zuerich_Stampfenbachstrasse,18.0,7.152291136856837,8.939846041689275,low traffic
0,Opfikon_Balsberg,24.0,6.860867201862218,7.618907368054883,high traffic
0,StGallen_Blumenbergplatz,24.0,7.650317684335709,6.989077910418081,low traffic
0,StGallen_Stuelegg,24.0,2.887919923921536,2.8496357445698948,no traffic
0,Zuerich_Schimmelstrasse,24.0,7.081859956773436,9.291909771249582,low traffic
0,Zuerich_Stampfenbachstrasse,24.0,6.89921098936543,9.739221591398517,low traffic
0,Opfikon_Balsberg,3.0,8.355261340571982,9.0394543792942,high traffic
0,StGallen_Blumenbergplatz,3.0,8.545783006822806,13.237612374261428,low traffic
0,StGallen_Stuelegg,3.0,3.015365232185963,2.133977180701374,no traffic
0,Zuerich_Schimmelstrasse,3.0,4.802073169890663,6.806727454713439,low traffic
0,Zuerich_Stampfenbachstrasse,3.0,5.3744688410388655,8.471857307482466,low traffic
0,Opfikon_Balsberg,6.0,7.325386013590053,8.350760037426626,high traffic
0,StGallen_Blumenbergplatz,6.0,8.237187717009181,12.22880489313921,low traffic
0,StGallen_Stuelegg,6.0,2.968167877223552,1.983161559987329,no traffic
0,Zuerich_Schimmelstrasse,6.0,6.844553771998595,10.263602483468958,low traffic
0,Zuerich_Stampfenbachstrasse,6.0,6.623222594529017,7.964199248331461,low traffic
0,Opfikon_Balsberg,9.0,6.824360437792628,8.1480967291236,high traffic
0,StGallen_Blumenbergplatz,9.0,8.55954002286479,9.758559739296588,low traffic
0,StGallen_Stuelegg,9.0,2.789804101711793,1.6554370705784462,no traffic
0,Zuerich_Schimmelstrasse,9.0,6.472171389983996,10.088194025096357,low traffic
0,Zuerich_Stampfenbachstrasse,9.0,6.600488928108395,7.858849500960277,low traffic
0,Opfikon_Balsberg,12.0,6.665697833162362,7.313079631702569,high traffic
0,StGallen_Blumenbergplatz,12.0,8.04952301591724,8.29649306852098,low traffic
0,StGallen_Stuelegg,12.0,2.5995482339586595,1.5466280902104903,no traffic
0,Zuerich_Schimmelstrasse,12.0,6.503089378487175,6.127213181597272,low traffic
0,Zuerich_Stampfenbachstrasse,12.0,6.42361601018374,7.921229346765189,low traffic
0,Opfikon_Balsberg,18.0,7.118771469694739,7.7051222944679285,high traffic
0,StGallen_Blumenbergplatz,18.0,7.930208679545211,8.017602018127896,low traffic
0,StGallen_Stuelegg,18.0,3.086920967265873,1.6801311120676363,no traffic
0,Zuerich_Schimmelstrasse,18.0,6.942213024989438,6.123864333730208,low traffic
0,Zuerich_Stampfenbachstrasse,18.0,7.064187811938609,7.819943482553384,low traffic
0,Opfikon_Balsberg,24.0,6.848596633818022,6.775931684152819,high traffic
0,StGallen_Blumenbergplatz,24.0,7.653028716235923,7.675895225098493,low traffic
0,StGallen_Stuelegg,24.0,2.8663859432605303,1.669028139370587,no traffic
0,Zuerich_Schimmelstrasse,24.0,7.064477904755096,5.933392907949493,low traffic
0,Zuerich_Stampfenbachstrasse,24.0,6.8895924068608805,7.5815325117674375,low traffic
0,Opfikon_Balsberg,3.0,6.725049507671205,11.810734539782514,high traffic
0,StGallen_Blumenbergplatz,3.0,5.523555617116398,16.03303729265794,low traffic
0,StGallen_Stuelegg,3.0,1.84178018470994,1.9426919858144245,no traffic
0,Zuerich_Schimmelstrasse,3.0,4.805730377593873,6.220469826153232,low traffic
0,Zuerich_Stampfenbachstrasse,3.0,5.8307117915199544,6.913219567712025,low traffic
0,Opfikon_Balsberg,6.0,7.18688383593897,8.563831894627175,high traffic
0,StGallen_Blumenbergplatz,6.0,8.646463810795563,14.128921461352292,low traffic
0,StGallen_Stuelegg,6.0,2.5568742826186086,4.455605843764652,no traffic
0,Zuerich_Schimmelstrasse,6.0,6.761799166673004,7.002693946005135,low traffic
0,Zuerich_Stampfenbachstrasse,6.0,7.031982853729665,4.862213122426443,low traffic
0,Opfikon_Balsberg,9.0,7.05354228446331,6.87391951928934,high traffic
0,StGallen_Blumenbergplatz,9.0,8.839331271468655,6.2525434056757145,low traffic
0,StGallen_Stuelegg,9.0,2.828321217364031,4.060175487043832,no traffic
0,Zuerich_Schimmelstrasse,9.0,6.548909907752232,6.594721312098846,low traffic
0,Zuerich_Stampfenbachstrasse,9.0,7.052092509983542,5.084297853500008,low traffic
0,Opfikon_Balsberg,12.0,6.737064556146076,6.242776674162192,high traffic
0,StGallen_Blumenbergplatz,12.0,8.209905773995803,6.810145550995886,low traffic
0,StGallen_Stuelegg,12.0,2.5530584901475093,1.7999457935015513,no traffic
0,Zuerich_Schimmelstrasse,12.0,6.447973954096614,6.482427574369855,low traffic
0,Zuerich_Stampfenbachstrasse,12.0,6.656771006235786,4.522068915800582,low traffic
0,Opfikon_Balsberg,18.0,7.205016379390636,6.480872856222428,high traffic
0,StGallen_Blumenbergplatz,18.0,7.922161424516239,6.61708093672881,low traffic
0,StGallen_Stuelegg,18.0,3.077188954262701,1.9147608295397385,no traffic
0,Zuerich_Schimmelstrasse,18.0,6.799116241785819,6.343112201188953,low traffic
0,Zuerich_Stampfenbachstrasse,18.0,6.8789548566264545,4.352340999455867,low traffic
0,Opfikon_Balsberg,24.0,6.87570823692956,6.585651903411709,high traffic
0,StGallen_Blumenbergplatz,24.0,7.68125191380537,6.648553152708597,low traffic
0,StGallen_Stuelegg,24.0,2.8470311890366813,1.7264981388874394,no traffic
0,Zuerich_Schimmelstrasse,24.0,6.963931635543584,5.874775485949799,low traffic
0,Zuerich_Stampfenbachstrasse,24.0,6.97623089665049,4.061010997237788,low traffic
0,Opfikon_Balsberg,3.0,5.904261880247074,5.053395302935903,high traffic
0,StGallen_Blumenbergplatz,3.0,5.727306348650942,7.822158091040528,low traffic
0,StGallen_Stuelegg,3.0,1.6555980314727943,1.7447015002463668,no traffic
0,Zuerich_Schimmelstrasse,3.0,4.362896721886832,26.293544764965777,low traffic
0,Zuerich_Stampfenbachstrasse,3.0,5.054274775965273,21.651496929335018,low traffic
0,Opfikon_Balsberg,6.0,6.484914625158615,8.647427791694446,high traffic
0,StGallen_Blumenbergplatz,6.0,8.300991508244003,7.662479790042294,low traffic
0,StGallen_Stuelegg,6.0,2.353821591723781,1.9628290159029074,no traffic
0,Zuerich_Schimmelstrasse,6.0,5.478030808396611,27.27434452914636,low traffic
0,Zuerich_Stampfenbachstrasse,6.0,6.0808647795494615,11.967501447442586,low traffic
0,Opfikon_Balsberg,9.0,7.040949007769947,11.336888354301742,high traffic
0,StGallen_Blumenbergplatz,9.0,8.69578321202899,7.83834090601013,low traffic
0,StGallen_Stuelegg,9.0,2.825735957437992,1.8890398838065037,no traffic
0,Zuerich_Schimmelstrasse,9.0,6.4450529978725815,31.11549904461894,low traffic
0,Zuerich_Stampfenbachstrasse,9.0,6.775797071728659,15.911444099921603,low traffic
0,Opfikon_Balsberg,12.0,6.716896369659542,4.814379242763549,high traffic
0,StGallen_Blumenbergplatz,12.0,8.324395242560307,5.903092620798706,low traffic
0,StGallen_Stuelegg,12.0,2.5548704139328753,1.7640809629162608,no traffic
0,Zuerich_Schimmelstrasse,12.0,6.454680532303689,7.367456931661484,low traffic
0,Zuerich_Stampfenbachstrasse,12.0,6.551907660926624,6.673407635476832,low traffic
0,Opfikon_Balsberg,18.0,7.015707744007489,4.672624636195042,high traffic
0,StGallen_Blumenbergplatz,18.0,7.942920254248623,6.2717702714512225,low traffic
0,StGallen_Stuelegg,18.0,2.9111181867204516,1.7931073804292288,no traffic
0,Zuerich_Schimmelstrasse,18.0,6.740291522099352,6.972071363769047,low traffic
0,Zuerich_Stampfenbachstrasse,18.0,6.676476923883256,6.886335594471913,low traffic
0,Opfikon_Balsberg,24.0,6.8668141186340685,4.672939846962832,high traffic
0,StGallen_Blumenbergplatz,24.0,7.708477830190034,5.631279663410058,low traffic
0,StGallen_Stuelegg,24.0,2.843129336350406,1.6622835019633615,no traffic
0,Zuerich_Schimmelstrasse,24.0,6.95019977850723,6.762552594599654,low traffic
0,Zuerich_Stampfenbachstrasse,24.0,6.978848453845293,6.909527304851785,low traffic
0,Opfikon_Balsberg,3.0,4.885471521858754,5.224222825669886,high traffic
0,StGallen_Blumenbergplatz,3.0,5.934360957980715,6.693511173688456,low traffic
0,StGallen_Stuelegg,3.0,1.2775679269046736,1.3791062256162925,no traffic
0,Zuerich_Schimmelstrasse,3.0,4.479308055704902,7.388990310904826,low traffic
0,Zuerich_Stampfenbachstrasse,3.0,5.482398654393513,9.130282065502794,low traffic
0,Opfikon_Balsberg,6.0,5.48478821250531,4.83301710995087,high traffic
0,StGallen_Blumenbergplatz,6.0,7.052926708686803,6.353408058627891,low traffic
0,StGallen_Stuelegg,6.0,1.9103313196397296,1.3952686389364881,no traffic
0,Zuerich_Schimmelstrasse,6.0,5.594311624008769,8.081509866953276,low traffic
0,Zuerich_Stampfenbachstrasse,6.0,6.034427283287227,10.464167842443034,low traffic
0,Opfikon_Balsberg,9.0,7.11423619428789,5.037704980948523,high traffic
0,StGallen_Blumenbergplatz,9.0,8.482799273805426,5.458996220019874,low traffic
0,StGallen_Stuelegg,9.0,2.774356837906997,1.1727685262699854,no traffic
0,Zuerich_Schimmelstrasse,9.0,6.742740486473876,6.285896371203959,low traffic
0,Zuerich_Stampfenbachstrasse,9.0,6.6902728922661066,5.320534082972679,low traffic
0,Opfikon_Balsberg,12.0,6.734990185440155,5.199808980151518,high traffic
0,StGallen_Blumenbergplatz,12.0,8.318019003450559,6.151655216942843,low traffic
0,StGallen_Stuelegg,12.0,2.5759839820542902,1.2009166960385347,no traffic
0,Zuerich_Schimmelstrasse,12.0,6.502246130381285,10.03019175836022,low traffic
0,Zuerich_Stampfenbachstrasse,12.0,6.638381772953596,4.122513437088138,low traffic
0,Opfikon_Balsberg,18.0,6.859946121120806,4.918006203116412,high traffic
0,StGallen_Blumenbergplatz,18.0,7.948178418099068,6.665597267002596,low traffic
0,StGallen_Stuelegg,18.0,2.8326100766745754,0.9140200489172249,no traffic
0,Zuerich_Schimmelstrasse,18.0,6.78812725462828,9.343639441207916,low traffic
0,Zuerich_Stampfenbachstrasse,18.0,6.732647782517936,3.9514815463147652,low traffic
0,Opfikon_Balsberg,24.0,6.840955694117691,4.688926057840802,high traffic
0,StGallen_Blumenbergplatz,24.0,7.693485948770764,6.870445482531974,low traffic
0,StGallen_Stuelegg,24.0,2.8542101487192757,1.033586643164126,no traffic
0,Zuerich_Schimmelstrasse,24.0,6.915727809112236,6.760524377209658,low traffic
0,Zuerich_Stampfenbachstrasse,24.0,7.06574019242576,3.7626396274811116,low traffic
0,Opfikon_Balsberg,3.0,4.548347573544341,10.913907081902272,high traffic
0,StGallen_Blumenbergplatz,3.0,5.108362587926517,7.568202301248246,low traffic
0,StGallen_Stuelegg,3.0,1.050282415810947,3.020720804360731,no traffic
0,Zuerich_Schimmelstrasse,3.0,4.497590681223432,11.214101903463288,low traffic
0,Zuerich_Stampfenbachstrasse,3.0,4.656594758495417,6.745339113408021,low traffic
0,Opfikon_Balsberg,6.0,4.568327227944397,6.5736708965963855,high traffic
0,StGallen_Blumenbergplatz,6.0,4.790920292966246,6.146287857038672,low traffic
0,StGallen_Stuelegg,6.0,1.3266987584759287,2.161758388365665,no traffic
0,Zuerich_Schimmelstrasse,6.0,5.654898980304918,11.330806257232588,low traffic
0,Zuerich_Stampfenbachstrasse,6.0,5.67734044491401,9.736585422893778,low traffic
0,Opfikon_Balsberg,9.0,6.8324047939259875,5.298638495948108,high traffic
0,StGallen_Blumenbergplatz,9.0,8.227951803069404,5.8861194795506755,low traffic
0,StGallen_Stuelegg,9.0,2.3922944180924035,2.2776763528181276,no traffic
0,Zuerich_Schimmelstrasse,9.0,6.636779284266433,8.367443067267478,low traffic
0,Zuerich_Stampfenbachstrasse,9.0,6.530106091966781,6.947846254924739,low traffic
0,Opfikon_Balsberg,12.0,6.802059632106242,5.691363248662993,high traffic
0,StGallen_Blumenbergplatz,12.0,8.40626433069325,6.464366915698187,low traffic
0,StGallen_Stuelegg,12.0,2.580492114466646,2.4878288508888557,no traffic
0,Zuerich_Schimmelstrasse,12.0,6.556799750663531,8.778897675324059,low traffic
0,Zuerich_Stampfenbachstrasse,12.0,6.688674249168649,4.8061328209830725,low traffic
0,Opfikon_Balsberg,18.0,6.814341832595403,5.582694052199716,high traffic
0,StGallen_Blumenbergplatz,18.0,7.956360869205022,5.631001429470565,low traffic
0,StGallen_Stuelegg,18.0,2.520850470552219,2.2430287016809385,no traffic
0,Zuerich_Schimmelstrasse,18.0,6.837466777939628,11.221924199346446,low traffic
0,Zuerich_Stampfenbachstrasse,18.0,6.610217708560981,5.048440103654687,low traffic
0,Opfikon_Balsberg,24.0,6.81681148463506,5.712981028728123,high traffic
0,StGallen_Blumenbergplatz,24.0,7.776275133205086,5.909157162117048,low traffic
0,StGallen_Stuelegg,24.0,2.837845757160663,2.1222294225128167,no traffic
0,Zuerich_Schimmelstrasse,24.0,6.913721345445284,10.556681399959286,low traffic
0,Zuerich_Stampfenbachstrasse,24.0,6.977264130160545,4.652038198885071,low traffic
0,Opfikon_Balsberg,3.0,4.580585968993144,16.23352614312437,high traffic
0,StGallen_Blumenbergplatz,3.0,4.806963128036353,12.65983667772107,low traffic
0,StGallen_Stuelegg,3.0,1.2827161221184535,4.800540931771996,no traffic
0,Zuerich_Schimmelstrasse,3.0,4.700784374883006,17.722787957292326,low traffic
0,Zuerich_Stampfenbachstrasse,3.0,4.336247304136902,8.840842798056064,low traffic
0,Opfikon_Balsberg,6.0,4.13286520838635,5.9279390960280125,high traffic
0,StGallen_Blumenbergplatz,6.0,4.484337884760578,7.660916739986293,low traffic
0,StGallen_Stuelegg,6.0,1.2917293318492349,2.9764238905462603,no traffic
0,Zuerich_Schimmelstrasse,6.0,5.630166671920845,8.092727491290244,low traffic
0,Zuerich_Stampfenbachstrasse,6.0,5.2291260941963555,6.277966667045522,low traffic
0,Opfikon_Balsberg,9.0,6.016570530900758,9.959206357087847,high traffic
0,StGallen_Blumenbergplatz,9.0,7.80918246989535,8.197042172346913,low traffic
0,StGallen_Stuelegg,9.0,2.1692795981992945,2.645390907146394,no traffic
0,Zuerich_Schimmelstrasse,9.0,6.029293884049685,8.196414135568046,low traffic
0,Zuerich_Stampfenbachstrasse,9.0,5.802262616938051,6.322836871377461,low traffic
0,Opfikon_Balsberg,12.0,6.629327986092563,7.616379370862765,high traffic
0,StGallen_Blumenbergplatz,12.0,8.230668107266746,7.699266562764321,low traffic
0,StGallen_Stuelegg,12.0,2.637442611416043,2.5659001455343797,no traffic
0,Zuerich_Schimmelstrasse,12.0,6.58255508784595,7.210984310262552,low traffic
0,Zuerich_Stampfenbachstrasse,12.0,6.438557959578388,8.766221988863556,low traffic
0,Opfikon_Balsberg,18.0,6.378650949744153,7.581932744606665,high traffic
0,StGallen_Blumenbergplatz,18.0,7.76252391348261,7.220850902303167,low traffic
0,StGallen_Stuelegg,18.0,2.4126015165849877,2.5541491620714485,no traffic
0,Zuerich_Schimmelstrasse,18.0,6.767860007437813,10.040875155683175,low traffic
0,Zuerich_Stampfenbachstrasse,18.0,6.329102935055216,10.109875391287849,low traffic
0,Opfikon_Balsberg,24.0,6.836417037126429,7.869840110366238,high traffic
0,StGallen_Blumenbergplatz,24.0,7.784611485778449,7.517577687801504,low traffic
0,StGallen_Stuelegg,24.0,2.8410444399620816,2.4232754358881134,no traffic
0,Zuerich_Schimmelstrasse,24.0,7.01442869312653,12.766817968411221,low traffic
0,Zuerich_Stampfenbachstrasse,24.0,6.916524408021788,9.802861868054778,low traffic
0,Opfikon_Balsberg,3.0,4.690816824928718,25.847500611482086,high traffic
0,StGallen_Blumenbergplatz,3.0,6.118048045201649,20.586280202320637,low traffic
0,StGallen_Stuelegg,3.0,1.5068447248689292,8.126704116500376,no traffic
0,Zuerich_Schimmelstrasse,3.0,4.370675367031507,16.14349141590555,low traffic
0,Zuerich_Stampfenbachstrasse,3.0,3.158608871774697,7.192683227215962,low traffic
0,Opfikon_Balsberg,6.0,3.682819556941834,13.050182552912116,high traffic
0,StGallen_Blumenbergplatz,6.0,4.574154152816968,13.050669647215267,low traffic
0,StGallen_Stuelegg,6.0,1.2588963120361736,6.52990418841461,no traffic
0,Zuerich_Schimmelstrasse,6.0,5.24251882982569,23.853445088302898,low traffic
0,Zuerich_Stampfenbachstrasse,6.0,4.962693013158777,9.770525538675741,low traffic
0,Opfikon_Balsberg,9.0,5.417789670342421,18.209652216872616,high traffic
0,StGallen_Blumenbergplatz,9.0,6.921486665239769,12.386085827681695,low traffic
0,StGallen_Stuelegg,9.0,1.9657930457647057,3.9057237728026766,no traffic
0,Zuerich_Schimmelstrasse,9.0,5.894384963970304,7.058404962489759,low traffic
0,Zuerich_Stampfenbachstrasse,9.0,5.604354699725965,8.205309005307162,low traffic
0,Opfikon_Balsberg,12.0,6.7129641282643,11.159740030336529,high traffic
0,StGallen_Blumenbergplatz,12.0,8.09244426389769,9.196449210459853,low traffic
0,StGallen_Stuelegg,12.0,2.6240802770698344,2.903982068718927,no traffic
0,Zuerich_Schimmelstrasse,12.0,6.579775338610482,7.091554062974073,low traffic
0,Zuerich_Stampfenbachstrasse,12.0,6.190078041399703,7.8980950816513475,low traffic
0,Opfikon_Balsberg,18.0,6.388369307481204,11.625920247683606,high traffic
0,StGallen_Blumenbergplatz,18.0,7.734235318246664,8.741586318821854,low traffic
0,StGallen_Stuelegg,18.0,2.391623734924444,2.7710430654792413,no traffic
0,Zuerich_Schimmelstrasse,18.0,6.667116724079106,7.390320009553271,low traffic
0,Zuerich_Stampfenbachstrasse,18.0,6.383462075241837,8.22023760717202,low traffic
0,Opfikon_Balsberg,24.0,6.871688737564277,11.063988485985385,high traffic
0,StGallen_Blumenbergplatz,24.0,7.721304767122778,8.298863492628744,low traffic
0,StGallen_Stuelegg,24.0,2.8243280221956417,2.588839070791052,no traffic
0,Zuerich_Schimmelstrasse,24.0,7.078755167907117,8.917734661817553,low traffic
0,Zuerich_Stampfenbachstrasse,24.0,6.85665854758062,9.545469097656921,low traffic
0,Opfikon_Balsberg,3.0,4.714889604077031,17.47858536511777,high traffic
0,StGallen_Blumenbergplatz,3.0,5.9016572829714,27.20673451408323,low traffic
0,StGallen_Stuelegg,3.0,2.2048383011901254,5.967939653105094,no traffic
0,Zuerich_Schimmelstrasse,3.0,4.445437786752605,11.019245639307188,low traffic
0,Zuerich_Stampfenbachstrasse,3.0,4.355423267185554,9.673857863323862,low traffic
0,Opfikon_Balsberg,6.0,3.922337458760401,8.666055480331394,high traffic
0,StGallen_Blumenbergplatz,6.0,4.766693755246818,22.108514042049013,low traffic
0,StGallen_Stuelegg,6.0,1.3035336431647904,5.23181071435879,no traffic
0,Zuerich_Schimmelstrasse,6.0,5.209331323387578,14.18444439764108,low traffic
0,Zuerich_Stampfenbachstrasse,6.0,4.750857593529535,8.570469382615832,low traffic
0,Opfikon_Balsberg,9.0,4.926287493656796,9.721742137297861,high traffic
0,StGallen_Blumenbergplatz,9.0,5.118502810177612,18.676041548236412,low traffic
0,StGallen_Stuelegg,9.0,1.7582289013550207,7.855432374098264,no traffic
0,Zuerich_Schimmelstrasse,9.0,6.016286182540675,9.750058461429262,low traffic
0,Zuerich_Stampfenbachstrasse,9.0,5.722858257315342,12.710000254467566,low traffic
0,Opfikon_Balsberg,12.0,6.897839493405008,7.1220417332435,high traffic
0,StGallen_Blumenbergplatz,12.0,8.119137766450054,10.761369900229916,low traffic
0,StGallen_Stuelegg,12.0,2.4888568873560737,3.8930216838919502,no traffic
0,Zuerich_Schimmelstrasse,12.0,6.611356312746433,9.227136859173926,low traffic
0,Zuerich_Stampfenbachstrasse,12.0,6.347453188894063,9.439549596015484,low traffic
0,Opfikon_Balsberg,18.0,6.526240262212107,6.994936888554183,high traffic
0,StGallen_Blumenbergplatz,18.0,7.844188672588748,10.722549218255931,low traffic
0,StGallen_Stuelegg,18.0,2.460295497204807,3.9810880093963483,no traffic
0,Zuerich_Schimmelstrasse,18.0,6.651287440947118,9.032280777594101,low traffic
0,Zuerich_Stampfenbachstrasse,18.0,6.440011088019164,9.560948101174407,low traffic
0,Opfikon_Balsberg,24.0,7.005357437967241,8.409678051895877,high traffic
0,StGallen_Blumenbergplatz,24.0,7.737923473831003,10.645720941396467,low traffic
0,StGallen_Stuelegg,24.0,2.863826097182667,2.6929481293552997,no traffic
0,Zuerich_Schimmelstrasse,24.0,6.993701237759837,9.796824200742735,low traffic
0,Zuerich_Stampfenbachstrasse,24.0,6.704624114873784,9.496676498981003,low traffic
